Graph,Algorithm,Min [ms],Max [ms],Avg [ms],Std [ms]
"Real-World (Wrocław, Poland)",Dijkstra,0.0,1.0821819305419922,0.9003400802612305,0.30248876600722363
"Real-World (Wrocław, Poland)",Bellman-Ford,10763.916730880737,21008.25524330139,13819.186758995056,3139.594898706857
