Graph,Algorithm,Min [ms],Max [ms],Avg [ms],Std [ms]
Small,Dijkstra,0.0,0.0,0.0,0.0
Small,Bellman-Ford,0.0,0.0,0.0,0.0
Medium,Dijkstra,0.0,0.9973049163818359,0.0997304916381836,0.2991914749145508
Medium,Bellman-Ford,1.9984245300292969,3.0014514923095703,2.5000810623168945,0.5002744771757541
Large,Dijkstra,0.9927749633789062,2.0012855529785156,1.498579978942871,0.49541591131456375
Large,Bellman-Ford,355.1027774810791,584.5520496368408,409.0162754058838,70.85651198121687
Small-Negative,Bellman-Ford,0.0,0.0,0.0,0.0
